segment_id,district,road_type,slope_deg,landslide_class,flood_class,length_km
SEG_00,West_Hills,village_road,26.8,0,2,12.2
SEG_01,West_Hills,district_road,17.5,1,2,4.8
SEG_02,West_Hills,village_road,16.2,0,1,2.7
SEG_03,West_Hills,village_road,11.2,2,1,5.4
SEG_04,West_Hills,state_highway,30.2,1,0,5.5
SEG_05,West_Hills,village_road,16.5,2,0,9.9
SEG_06,West_Hills,village_road,13.7,2,1,8.7
SEG_07,West_Hills,village_road,14.5,0,1,11.4
SEG_08,West_Hills,state_highway,23.3,2,1,10.0
SEG_09,West_Hills,district_road,21.7,2,2,6.9
SEG_10,West_Hills,district_road,22.1,1,1,11.8
SEG_11,West_Hills,village_road,22.3,0,1,4.0
SEG_12,West_Hills,village_road,39.4,2,1,2.3
SEG_13,West_Hills,village_road,13.9,0,0,3.1
SEG_14,West_Hills,district_road,12.9,0,0,10.7
SEG_15,West_Hills,district_road,9.9,0,1,7.5
SEG_16,West_Hills,village_road,24.2,2,0,3.9
SEG_17,West_Hills,state_highway,29.3,2,1,8.0
